First Name,Gender,Start Date,Last Login Time,Salary,Bonus %,Senior Management,Team
Douglas,Male,1993-08-06,12:42 PM,97308,6.945,1.0,Marketing
Thomas,Male,1996-03-31,6:53 AM,61933,4.17,1.0,Client Services
Maria,Female,1993-04-23,11:17 AM,130590,11.858,0.0,Finance
Jerry,Male,2005-03-04,1:00 PM,138705,9.34,1.0,Finance
Larry,Male,1998-01-24,4:47 PM,101004,1.389,1.0,Client Services
Dennis,Male,1987-04-18,1:35 AM,115163,10.125,0.0,Legal
Ruby,Female,1987-08-17,4:20 PM,65476,10.012,1.0,Product
Marilyn,Female,2015-07-20,10:43 AM,45906,11.598,1.0,Finance
Angela,Female,2005-11-22,6:29 AM,95570,18.523,1.0,Engineering
Frances,Female,2002-08-08,6:51 AM,139852,7.524,1.0,Business Development
Louise,Female,1980-08-12,9:01 AM,63241,15.132,1.0,Client Services
Julie,Female,1997-10-26,3:19 PM,102508,12.637,1.0,Legal
Brandon,Male,1980-12-01,1:08 AM,112807,17.492,1.0,Human Resources
Gary,Male,2008-01-27,11:40 PM,109831,5.831,0.0,Sales
Kimberly,Female,1999-01-14,7:13 AM,41426,14.543,1.0,Finance
Lillian,Female,2016-06-05,6:09 AM,59414,1.256,0.0,Product
Jeremy,Male,2010-09-21,5:56 AM,90370,7.369,0.0,Human Resources
Shawn,Male,1986-12-07,7:45 PM,111737,6.414,0.0,Product
Diana,Female,1981-10-23,10:27 AM,132940,19.082,0.0,Client Services
Donna,Female,2010-07-22,3:48 AM,81014,1.894,0.0,Product
Lois,Female,1995-04-22,7:18 PM,64714,4.934,1.0,Legal
Matthew,Male,1995-09-05,2:12 AM,100612,13.645,0.0,Marketing
Joshua,Female,2012-03-08,1:58 AM,90816,18.816,1.0,Client Services
Marilyn,Male,2012-06-14,4:19 PM,125792,5.042,1.0,Client Services
John,Male,1992-07-01,10:08 PM,97950,13.873,0.0,Client Services
Marilyn,Male,2012-10-08,1:12 AM,37076,18.576,1.0,Client Services
Craig,Male,2000-02-27,7:45 AM,37598,7.757,1.0,Marketing
Scott,Female,1991-07-11,6:58 PM,122367,5.218,0.0,Legal
Terry,Male,1981-11-27,6:30 PM,124008,13.464,1.0,Client Services
Benjamin,Male,2005-01-26,10:06 PM,79529,7.008,1.0,Legal
Christina,Female,2002-08-06,1:19 PM,118780,9.096,1.0,Engineering
Joyce,Female,2005-02-20,2:40 PM,88657,12.752,0.0,Product
Marilyn,Male,1998-08-21,2:27 PM,122340,6.417,1.0,Client Services
Jean,Female,1993-12-18,9:07 AM,119082,16.18,0.0,Business Development
Jerry,Male,2004-01-10,12:56 PM,95734,19.096,0.0,Client Services
Theresa,Female,2006-10-10,1:12 AM,85182,16.675,0.0,Sales
Rachel,Female,2009-02-16,8:47 PM,142032,12.599,0.0,Business Development
Linda,Female,1981-10-19,8:49 PM,57427,9.557,1.0,Client Services
Stephanie,Female,1986-09-13,1:52 AM,36844,5.574,1.0,Business Development
Marilyn,Male,2016-01-29,2:33 AM,122173,7.797,1.0,Client Services
Michael,Male,2008-10-10,11:25 AM,99283,2.665,1.0,Distribution
Christine,Female,2015-06-28,1:08 AM,66582,11.308,1.0,Business Development
Beverly,Female,1998-09-09,8:26 PM,121918,15.835,0.0,Legal
Marilyn,Female,1980-12-07,3:16 AM,73524,5.207,1.0,Marketing
Cynthia,Female,1988-11-16,6:54 PM,145146,7.482,1.0,Product
Roger,Male,1980-04-17,11:32 AM,88010,13.886,1.0,Sales
Bruce,Male,2009-11-28,10:47 PM,114796,6.796,0.0,Finance
Kathy,Female,2005-06-22,4:51 AM,66820,9.0,1.0,Client Services
Clarence,Male,1996-03-26,5:57 AM,93581,6.083,1.0,Business Development
Chris,Female,1980-01-24,12:13 PM,113590,3.055,0.0,Sales
Nancy,Female,2000-09-23,8:05 AM,94976,13.83,1.0,Engineering
Marilyn,Female,2011-12-17,8:29 AM,41126,14.009,1.0,Sales
Todd,Male,1990-02-18,2:41 AM,49339,1.695,1.0,Human Resources
Alan,Female,2014-03-03,1:28 PM,40341,17.578,1.0,Finance
Sara,Female,2007-08-15,9:23 AM,83677,8.999,0.0,Engineering
Karen,Female,1999-11-30,7:46 AM,102488,17.653,1.0,Product
Carl,Male,2006-05-03,5:55 PM,130276,16.084,1.0,Finance
Henry,Male,1996-06-26,1:44 AM,64715,15.107,1.0,Human Resources
Theresa,Female,2010-04-11,7:18 AM,72670,1.481,1.0,Engineering
Irene,Female,1997-05-07,9:32 AM,66851,11.279,0.0,Engineering
Paula,Female,2005-11-23,2:01 PM,48866,4.271,0.0,Distribution
Denise,Female,2001-11-06,12:03 PM,106862,3.699,0.0,Business Development
Marilyn,Female,2007-06-12,5:25 PM,58112,19.414,1.0,Marketing
Matthew,Male,2013-01-02,10:33 PM,35203,18.04,0.0,Human Resources
Kathleen,Female,1990-04-11,6:46 PM,77834,18.771,0.0,Business Development
Steve,Male,2009-11-11,11:44 PM,61310,12.428,1.0,Distribution
Nancy,Female,2012-12-15,11:57 PM,125250,2.672,1.0,Business Development
Rachel,Female,1999-08-16,6:53 AM,51178,9.735,1.0,Finance
Jose,Male,2004-10-30,1:39 PM,84834,14.33,1.0,Finance
Irene,Female,2015-07-14,4:31 PM,100863,4.382,1.0,Finance
Todd,Female,2003-06-10,2:26 PM,84692,6.617,0.0,Client Services
Johnny,Male,2009-11-06,4:23 PM,118172,16.194,1.0,Sales
Bobby,Male,2007-05-07,10:01 AM,54043,3.833,0.0,Product
Frances,Female,1999-04-04,4:19 PM,90582,4.709,1.0,Sales
Thomas,Male,1995-06-04,2:24 PM,62096,17.029,0.0,Marketing
Bonnie,Female,1991-07-02,1:27 AM,104897,5.118,1.0,Human Resources
Margaret,Female,1988-09-10,12:42 PM,131604,7.353,1.0,Distribution
Charles,Male,2004-09-14,8:13 PM,107391,1.26,1.0,Marketing
Robin,Female,1983-06-04,3:15 PM,114797,5.965,1.0,Sales
Bonnie,Female,1988-11-13,3:30 PM,115814,4.99,0.0,Product
Gerald,Female,1995-03-17,12:50 AM,137126,15.602,1.0,Sales
Christopher,Male,2008-03-30,10:52 AM,47369,14.822,0.0,Legal
Steven,Male,1980-03-30,9:20 PM,35095,8.379,1.0,Client Services
Shawn,Male,2005-09-23,2:55 AM,148115,6.539,1.0,Finance
Doris,Female,2004-08-20,5:51 AM,83072,7.511,0.0,Finance
Jeremy,Male,2008-02-01,8:50 AM,100238,3.887,1.0,Client Services
Annie,Female,2007-09-29,12:11 AM,103495,17.29,1.0,Business Development
Annie,Female,1993-01-30,2:05 AM,144887,8.276,1.0,Sales
Donna,Female,1991-11-27,1:59 PM,64088,6.155,1.0,Legal
Janice,Female,2016-03-12,12:40 AM,51082,11.955,0.0,Legal
Janice,Female,1997-08-21,5:12 AM,91719,11.583,1.0,Legal
James,Female,2005-01-26,11:00 PM,128771,8.309,0.0,Client Services
Linda,Female,2000-05-25,5:45 PM,119009,12.506,1.0,Business Development
Virginia,Female,1994-05-07,5:58 PM,111858,1.601,1.0,Legal
Harry,Male,1981-08-26,3:16 PM,130620,7.03,0.0,Legal
Heather,Female,1998-07-11,2:17 PM,43026,14.166,0.0,Client Services
Cynthia,Female,1994-03-21,8:34 AM,142321,1.737,0.0,Finance
Laura,Female,2014-07-19,9:23 PM,140371,10.62,1.0,Marketing
Tina,Female,2016-06-16,7:47 PM,100705,16.961,1.0,Marketing
Harold,Male,1985-01-02,9:40 PM,77544,12.447,0.0,Business Development
Melissa,Female,2005-06-21,6:33 AM,48109,14.995,0.0,Finance
Aaron,Male,2012-02-17,10:20 AM,61602,11.849,1.0,Marketing
Jack,Male,1997-01-12,5:51 AM,103902,12.159,0.0,Client Services
Phyllis,Female,1996-10-11,9:30 PM,136984,8.932,1.0,Finance
John,Male,1989-12-23,7:01 AM,80740,19.305,0.0,Marketing
Kathy,Female,1996-03-09,4:33 AM,91712,8.567,0.0,Finance
Paul,Male,1993-08-04,7:25 PM,42146,3.046,0.0,Legal
Steven,Male,2013-04-23,10:12 PM,68680,16.565,0.0,Legal
Russell,Female,1988-05-05,7:57 AM,133980,12.396,1.0,Legal
Christopher,Male,2000-04-22,10:15 AM,37919,11.449,0.0,Client Services
Shirley,Female,2001-06-20,10:39 PM,147113,16.135,0.0,Legal
Bonnie,Female,1999-12-17,3:12 PM,42153,8.454,1.0,Business Development
Willie,Male,2003-11-27,6:21 AM,64363,4.023,0.0,Marketing
Tina,Female,2009-06-12,7:16 AM,114767,3.711,1.0,Engineering
Ashley,Female,2002-08-04,11:00 AM,58698,6.811,1.0,Business Development
Pamela,Female,1982-07-01,6:51 AM,54585,4.166,0.0,Product
Marilyn,Male,1991-06-22,8:58 PM,76189,18.988,1.0,Legal
Steven,Male,1995-03-01,3:03 PM,109095,9.494,0.0,Finance
Andrea,Female,2012-01-12,5:43 AM,120204,9.557,0.0,Business Development
Paul,Male,2008-06-03,3:05 PM,41054,12.299,0.0,Marketing
Peter,Male,1994-11-17,6:15 PM,84885,15.402,0.0,Business Development
Kathleen,Female,2016-05-09,8:55 AM,119735,18.74,0.0,Product
Christina,Female,2012-04-13,2:04 PM,110169,13.892,1.0,Engineering
Helen,Female,2001-11-29,2:30 AM,73789,14.841,1.0,Product
Marilyn,Female,1983-11-16,8:29 AM,76078,2.401,1.0,Product
Patricia,Female,2003-09-01,6:46 AM,49368,14.226,0.0,Human Resources
Michelle,Female,1984-03-30,6:43 PM,57325,17.179,1.0,Human Resources
William,Male,2002-09-29,4:09 PM,66521,5.83,0.0,Human Resources
Kenneth,Male,1987-08-25,9:16 PM,127654,16.439,1.0,Client Services
Antonio,Male,1988-10-25,1:50 PM,60866,13.101,1.0,Business Development
Shirley,Female,1984-05-01,1:15 PM,41334,6.219,1.0,Human Resources
Rebecca,Female,1992-07-10,12:23 AM,94231,17.517,0.0,Product
Carlos,Male,1995-01-04,7:02 AM,146670,10.763,0.0,Human Resources
Lois,Female,1987-12-25,4:16 PM,106317,2.235,1.0,Client Services
Carolyn,Female,2011-04-09,5:38 AM,109260,2.65,1.0,Business Development
Gloria,Female,2007-06-29,5:34 AM,134148,8.833,1.0,Legal
Henry,Male,1995-04-24,4:18 AM,43542,19.687,0.0,Legal
Adam,Male,2011-05-21,1:45 AM,95327,15.12,0.0,Distribution
Ashley,Female,2006-05-25,11:30 AM,112238,6.03,1.0,Engineering
Marilyn,Female,1990-10-03,1:08 AM,132373,10.527,1.0,Client Services
Shirley,Female,1981-02-28,1:23 PM,113850,1.854,0.0,Marketing
Adam,Male,1990-12-24,8:57 PM,110194,14.727,1.0,Product
Elizabeth,Female,2003-10-09,5:53 PM,146129,5.687,0.0,Finance
Teresa,Female,2016-01-28,10:55 AM,140013,8.689,1.0,Engineering
Nicole,Female,1982-03-05,2:28 PM,122717,12.452,0.0,Sales
Jennifer,Female,2009-04-04,10:47 PM,71715,13.079,1.0,Client Services
Patricia,Female,1992-11-25,2:24 AM,95322,4.15,0.0,Product
Philip,Male,2008-07-17,1:30 PM,89227,3.996,0.0,Legal
Patrick,Female,1991-07-14,2:24 AM,124488,14.837,1.0,Sales
Marilyn,Female,2014-08-17,2:00 PM,86230,8.578,1.0,Distribution
Sean,Male,1996-05-04,8:59 PM,135490,19.934,0.0,Marketing
Brandon,Female,1997-11-03,8:17 PM,121333,15.295,0.0,Business Development
Ruth,Female,1999-08-19,4:03 AM,129297,8.067,1.0,Client Services
Victor,Female,2011-03-10,8:40 PM,84546,10.489,1.0,Finance
Rebecca,Female,1980-11-15,4:13 AM,85730,5.359,1.0,Product
Marie,Female,2003-03-16,12:12 AM,104058,17.695,1.0,Business Development
Howard,Male,1992-04-27,1:10 AM,105062,1.563,0.0,Human Resources
Marilyn,Female,2005-07-27,8:32 AM,79536,14.443,1.0,Product
Norma,Female,1999-02-28,8:45 PM,114412,8.756,1.0,Marketing
James,Female,1983-11-22,10:52 PM,68501,14.316,0.0,Marketing
Kathy,Female,2000-03-18,7:26 PM,149563,16.991,1.0,Finance
Marilyn,Female,1999-08-22,9:09 AM,103386,11.451,0.0,Distribution
Arthur,Male,1998-04-13,11:28 AM,89786,14.422,1.0,Legal
Terry,Male,1990-09-03,9:15 PM,52226,19.135,0.0,Client Services
Mary,Female,1999-08-13,1:03 AM,134645,18.197,0.0,Business Development
Marilyn,Female,2014-03-23,1:28 PM,59148,9.061,1.0,Legal
Marilyn,Female,1991-07-09,6:52 PM,42341,7.014,1.0,Sales
Christopher,Male,2011-12-24,12:22 PM,142178,17.984,1.0,Sales
Peter,Female,1987-09-03,5:59 PM,38989,7.017,1.0,Marketing
Michelle,Female,1996-11-04,9:34 PM,53754,5.455,1.0,Product
Irene,Female,1992-01-29,11:36 AM,133772,19.02,1.0,Sales
Patrick,Male,2007-08-17,3:16 AM,143499,17.495,1.0,Engineering
Sara,Female,1991-09-23,6:17 PM,97058,9.402,0.0,Finance
Lillian,Female,2008-12-21,6:51 PM,85446,3.959,1.0,Engineering
Marilyn,Female,2007-09-18,6:59 PM,40297,6.185,1.0,Client Services
Willie,Male,1998-02-17,8:20 PM,146651,1.451,1.0,Engineering
Victor,Male,2003-01-08,1:02 PM,124486,10.166,0.0,Product
Wayne,Male,2012-04-07,8:00 AM,102652,14.085,1.0,Distribution
Jane,Female,1997-09-03,2:01 AM,144474,17.648,0.0,Product
Jessica,Female,1995-10-23,5:53 AM,68759,19.343,1.0,Finance
Mark,Male,2008-04-12,5:40 PM,57286,5.025,1.0,Business Development
Randy,Male,1999-11-14,12:12 PM,58129,1.952,1.0,Distribution
Lillian,Female,1999-06-19,4:44 PM,123940,12.184,1.0,Business Development
Ruth,Female,1999-05-18,5:56 AM,98233,2.518,1.0,Distribution
Jerry,Male,2003-12-18,6:46 AM,140810,9.177,1.0,Client Services
Sandra,Female,1983-01-19,7:25 AM,42090,8.842,1.0,Legal
Marilyn,Female,2005-02-23,9:50 PM,149654,1.825,1.0,Sales
Roger,Male,2004-11-19,3:55 PM,51430,6.46,0.0,Marketing
Charles,Male,2000-10-14,9:40 PM,71749,15.931,0.0,Legal
Clarence,Male,1998-05-02,3:16 AM,85700,1.215,0.0,Sales
Carol,Female,1996-03-19,3:39 AM,57783,9.129,0.0,Finance
Lois,Female,2013-10-18,4:51 PM,36946,6.652,0.0,Engineering
Barbara,Female,2003-05-03,7:32 PM,99326,16.475,1.0,Legal
Rebecca,Female,1995-02-18,6:50 AM,109259,4.443,1.0,Legal
Irene,Female,2004-01-30,8:25 PM,131038,8.996,0.0,Distribution
Ronald,Male,2014-04-30,2:19 PM,121068,12.757,1.0,Product
Steven,Male,1985-11-10,10:53 AM,62719,19.127,0.0,Client Services
Carolyn,Female,2012-11-06,3:51 AM,69268,3.031,0.0,Client Services
Maria,Female,1990-12-27,9:57 PM,36067,9.64,1.0,Product
Jonathan,Male,2009-07-17,8:15 AM,130581,16.736,1.0,Client Services
Gary,Male,1987-08-12,12:04 AM,89661,8.525,0.0,Finance
Kimberly,Female,1997-07-15,5:57 AM,36643,7.953,0.0,Marketing
Roger,Male,1982-11-08,2:32 AM,140558,5.084,1.0,Sales
Diana,Female,2013-01-04,7:53 AM,103521,2.784,1.0,Business Development
Willie,Male,2006-06-06,9:45 AM,55281,4.935,1.0,Marketing
Brandon,Male,2006-03-27,5:54 PM,115711,8.012,1.0,Finance
Patricia,Female,2012-12-06,4:01 AM,114079,8.399,1.0,Client Services
Katherine,Female,1999-11-14,8:15 AM,57531,1.767,0.0,Client Services
Jonathan,Male,1987-10-12,2:59 AM,141069,4.903,0.0,Human Resources
Emily,Female,2007-09-20,11:25 AM,89434,11.295,0.0,Engineering
Ruth,Female,1986-08-12,7:29 PM,44639,9.148,1.0,Legal
Linda,Female,2006-06-24,12:04 PM,110967,19.612,1.0,Human Resources
Lisa,Female,2009-11-02,9:42 AM,115387,1.821,0.0,Client Services
Evelyn,Female,1980-05-24,11:10 PM,81673,15.364,1.0,Engineering
Julie,Female,1989-07-23,1:52 PM,109588,3.55,0.0,Engineering
Mary,Female,2009-05-30,11:41 PM,92544,3.8,0.0,Client Services
Matthew,Male,2013-07-31,8:04 AM,142373,2.462,0.0,Marketing
Douglas,Male,1999-09-03,4:00 PM,83341,1.015,1.0,Client Services
Gregory,Female,1992-06-15,5:08 AM,98865,10.628,1.0,Finance
Billy,Male,1995-03-13,12:05 PM,120444,7.768,1.0,Finance
Marilyn,Female,1991-06-17,12:49 PM,71945,5.56,1.0,Marketing
Gregory,Male,2000-01-29,6:01 AM,109564,3.845,0.0,Legal
Jason,Male,1999-10-17,10:09 PM,78417,3.067,0.0,Finance
Daniel,Male,2010-04-30,3:48 AM,106947,15.866,1.0,Legal
Sarah,Female,1995-09-14,7:50 AM,87298,2.311,0.0,Distribution
Harry,Male,2015-10-01,7:47 PM,64579,15.266,1.0,Sales
Kathy,Female,1995-04-19,12:46 AM,50905,9.404,1.0,Finance
Todd,Male,1999-04-13,10:31 AM,59728,11.226,1.0,Client Services
Bobby,Male,1994-09-23,1:29 AM,51685,17.445,1.0,Engineering
Jeremy,Male,2000-06-08,12:15 AM,49542,1.679,1.0,Distribution
George,Female,1988-02-24,11:29 AM,38375,8.999,0.0,Legal
Diane,Female,1993-04-18,3:22 AM,64084,17.018,0.0,Product
Marilyn,Female,1997-04-04,9:28 PM,147663,10.263,0.0,Human Resources
Kathryn,Female,2004-02-04,1:47 PM,73935,14.752,0.0,Sales
Irene,Female,1982-02-04,5:26 PM,40837,12.182,1.0,Client Services
Norma,Female,2015-02-11,11:44 PM,94393,3.643,1.0,Engineering
Laura,Female,2006-04-02,1:57 PM,42087,2.624,0.0,Product
Cheryl,Female,2008-09-23,2:57 AM,52080,9.375,0.0,Legal
Kevin,Male,1982-03-25,7:31 AM,35061,5.128,0.0,Legal
Lillian,Female,2016-05-12,3:43 PM,64164,17.612,0.0,Human Resources
Phyllis,Female,1984-04-21,7:05 PM,94088,19.107,0.0,Distribution
Walter,Male,1983-07-06,11:54 PM,127813,5.961,0.0,Finance
Robert,Male,1990-10-27,7:15 PM,38041,18.428,1.0,Engineering
Jimmy,Male,1986-10-07,5:53 PM,126310,5.413,1.0,Product
Clarence,Male,1996-10-08,12:53 PM,142561,8.866,0.0,Client Services
Victor,Male,1991-04-11,7:44 AM,70817,17.138,0.0,Engineering
Fred,Female,1984-12-02,2:03 PM,59937,12.045,1.0,Human Resources
Brenda,Female,2010-07-27,11:07 PM,106115,3.742,1.0,Product
Justin,Male,1992-12-06,5:58 PM,82782,4.366,1.0,Distribution
Betty,Female,2002-06-12,3:59 AM,104896,19.55,1.0,Business Development
Randy,Female,1986-02-06,3:04 PM,133943,8.94,1.0,Sales
Sharon,Female,1990-03-01,3:46 AM,83658,6.513,0.0,Business Development
Ralph,Male,2004-11-11,1:35 AM,71896,4.232,1.0,Marketing
Marilyn,Female,2003-04-28,3:01 AM,113732,10.391,1.0,Sales
Edward,Male,1985-05-27,10:13 PM,110485,7.995,0.0,Client Services
Denise,Female,2009-03-20,7:57 AM,115118,5.108,0.0,Human Resources
Debra,Female,1998-03-13,11:16 PM,48696,4.75,0.0,Legal
Marilyn,Male,1999-11-25,6:16 AM,42676,15.517,1.0,Sales
Michael,Male,2002-01-24,3:04 AM,43586,12.659,0.0,Client Services
Henry,Male,1995-02-06,8:34 AM,89258,15.585,1.0,Human Resources
Gloria,Female,2007-03-27,1:44 AM,90730,2.491,0.0,Distribution
Marie,Female,1995-08-06,1:58 PM,100308,13.677,0.0,Product
Anne,Female,1986-07-16,2:08 PM,69134,3.723,1.0,Engineering
Sarah,Female,1985-11-21,1:08 PM,58295,14.603,1.0,Engineering
Stephanie,Female,1983-03-24,11:15 AM,50141,13.218,1.0,Human Resources
Roy,Male,2004-09-23,1:31 PM,101941,3.45,0.0,Client Services
Marilyn,Female,2009-08-05,8:14 AM,115145,14.063,1.0,Distribution
Marilyn,Male,2005-02-04,1:01 PM,40451,16.044,1.0,Distribution
Irene,Female,1982-03-03,8:26 AM,56526,5.81,1.0,Finance
Marilyn,Female,1992-08-02,8:35 PM,145316,18.517,1.0,Human Resources
Thomas,Male,2011-04-06,1:04 PM,103235,9.554,1.0,Human Resources
Frank,Female,2001-11-20,10:18 AM,58563,12.062,1.0,Marketing
Fred,Male,1980-02-20,2:25 AM,74129,18.225,0.0,Product
Nicholas,Male,1994-04-12,8:21 PM,74669,1.113,1.0,Product
Howard,Male,1982-10-05,7:22 AM,97490,5.46,1.0,Marketing
Debra,Female,1994-02-22,10:25 PM,104250,18.456,1.0,Business Development
Christine,Female,1989-07-03,4:01 AM,94345,11.996,0.0,Finance
Brenda,Female,1991-05-29,6:32 AM,82439,19.062,0.0,Sales
Betty,Female,2005-06-28,6:03 PM,51613,12.984,0.0,Distribution
Ruby,Female,2000-11-08,7:35 PM,105946,1.139,0.0,Business Development
Kevin,Male,1997-07-12,2:07 AM,46080,9.635,0.0,Business Development
Arthur,Male,2014-01-01,7:46 PM,134610,6.147,1.0,Human Resources
Carl,Female,2014-02-07,3:57 AM,125104,12.345,0.0,Client Services
Todd,Male,2009-03-11,3:43 AM,107281,1.612,1.0,Engineering
Brenda,Female,2005-10-06,9:33 PM,141521,4.337,0.0,Client Services
Judy,Female,1997-09-16,12:10 AM,65931,2.304,0.0,Human Resources
Todd,Male,1984-02-02,10:13 AM,69989,10.985,1.0,Finance
Lois,Female,2011-11-09,7:06 AM,147183,9.999,1.0,Client Services
Walter,Female,1999-12-21,10:33 PM,66757,18.099,0.0,Distribution
Jessica,Female,1985-09-27,1:35 PM,75145,6.388,1.0,Legal
Jeremy,Male,1988-06-14,6:20 PM,129460,13.657,1.0,Client Services
Tammy,Female,1984-11-11,10:30 AM,132839,17.463,1.0,Client Services
Anne,Female,2000-03-07,6:45 AM,44537,18.284,1.0,Client Services
Jesse,Male,1999-10-25,3:35 PM,118733,9.653,0.0,Marketing
Virginia,Female,1999-10-20,6:23 AM,46905,19.154,0.0,Distribution
Jesse,Male,1981-03-02,7:26 PM,79582,3.873,0.0,Legal
Jeremy,Female,1996-11-10,1:49 PM,55394,3.18,1.0,Sales
Daniel,Male,2007-09-15,10:16 PM,123811,7.664,1.0,Human Resources
Patrick,Female,2004-08-30,11:43 AM,137314,4.542,1.0,Marketing
Emily,Female,1988-01-13,6:42 AM,36711,19.028,1.0,Human Resources
Alan,Male,1988-06-26,3:54 AM,111786,3.592,1.0,Engineering
James,Male,2015-07-11,8:52 PM,72257,13.023,0.0,Engineering
Adam,Male,2007-07-05,11:59 AM,71276,5.027,1.0,Human Resources
Joan,Female,1980-07-25,12:22 PM,38712,3.657,0.0,Client Services
Jeremy,Male,1981-08-12,12:05 AM,46930,18.702,1.0,Finance
Margaret,Female,1993-02-06,1:05 PM,125220,3.733,0.0,Marketing
Mark,Male,1984-04-01,1:21 PM,121477,17.44,1.0,Business Development
Marilyn,Female,1981-09-26,2:23 AM,86386,2.937,0.0,Distribution
Cheryl,Female,2009-09-08,10:16 AM,81308,2.196,1.0,Legal
Benjamin,Male,1984-09-11,6:37 AM,84810,15.794,0.0,Marketing
Harold,Male,1990-02-20,11:00 PM,66775,2.158,1.0,Legal
Ernest,Female,2002-01-18,1:51 AM,72145,13.448,1.0,Finance
Gerald,Male,2001-04-16,10:09 PM,121604,1.923,1.0,Sales
Judy,Female,1991-07-01,2:33 AM,109510,13.457,1.0,Legal
Bobby,Male,1996-03-31,5:40 PM,112117,6.338,0.0,Client Services
Bobby,Female,1995-09-01,2:09 PM,108127,15.858,0.0,Client Services
Marie,Female,2013-10-03,8:05 PM,123711,10.966,0.0,Product
Kathy,Female,2013-12-18,3:09 PM,132381,8.34,0.0,Business Development
Roy,Male,2006-08-06,7:52 AM,148225,1.841,0.0,Finance
Jacqueline,Female,1981-11-25,3:01 PM,145988,18.243,0.0,Marketing
Marilyn,Female,2008-07-08,11:40 PM,62960,14.356,1.0,Sales
Julie,Female,1986-03-23,9:26 AM,56926,7.507,0.0,Sales
Douglas,Male,2002-01-08,6:42 PM,41428,14.372,0.0,Product
Linda,Female,1990-12-16,2:20 AM,115658,3.041,1.0,Sales
Ruby,Female,1988-12-10,8:27 PM,76707,6.031,0.0,Business Development
Russell,Male,2005-01-02,1:48 AM,60388,17.885,0.0,Client Services
Jeffrey,Male,1997-06-18,8:01 PM,45150,12.075,1.0,Product
Aaron,Male,1994-01-29,6:48 PM,58755,5.097,1.0,Marketing
Samuel,Male,1991-12-19,2:54 AM,76076,5.319,1.0,Finance
Marilyn,Male,2010-01-27,2:57 AM,87760,14.987,1.0,Engineering
Randy,Male,2014-03-16,6:24 PM,135119,7.887,0.0,Client Services
Evelyn,Female,1983-09-03,1:58 PM,36759,17.269,1.0,Marketing
Fred,Male,1987-02-13,2:15 PM,121723,18.645,1.0,Product
Shirley,Female,1986-06-08,2:25 AM,110061,7.494,0.0,Client Services
Todd,Male,2011-05-23,4:14 PM,85074,1.844,0.0,Client Services
Robert,Male,2014-11-18,5:00 AM,85799,19.93,0.0,Finance
Mark,Male,2007-01-22,2:37 PM,75150,12.182,1.0,Legal
Earl,Male,2000-01-05,5:46 PM,91344,4.035,1.0,Sales
Richard,Male,2005-09-27,1:41 AM,86326,10.717,0.0,Product
Michael,Male,1991-11-22,12:57 PM,98753,16.443,1.0,Human Resources
Steven,Male,2009-05-12,2:14 PM,113060,2.846,1.0,Sales
Carlos,Male,2007-09-19,1:01 AM,77327,11.58,1.0,Finance
Marie,Female,2011-10-20,10:09 PM,62666,10.247,0.0,Product
Ronald,Male,2009-02-24,2:09 PM,96633,4.99,1.0,Engineering
Scott,Male,2009-05-12,4:36 AM,58248,3.914,0.0,Business Development
Steven,Male,2006-11-21,8:30 AM,83706,6.96,1.0,Human Resources
James,Male,1998-11-22,3:48 AM,74086,5.778,1.0,Human Resources
Lori,Female,1988-03-31,10:59 PM,95389,14.223,0.0,Sales
Philip,Male,1989-08-02,11:21 AM,129968,19.897,0.0,Finance
Phyllis,Female,2005-11-24,11:57 PM,140347,8.723,0.0,Sales
Thomas,Female,1995-08-31,8:31 PM,41549,3.95,0.0,Sales
Cynthia,Female,2012-12-03,11:03 PM,74287,10.751,0.0,Sales
Marilyn,Male,2011-10-09,9:29 AM,69906,4.844,1.0,Engineering
Marilyn,Male,1997-04-22,9:36 PM,65078,3.095,1.0,Marketing
Elizabeth,Female,2005-11-10,4:56 AM,106406,1.782,1.0,Legal
Andrea,Female,2003-09-14,10:30 PM,115913,12.121,0.0,Legal
Judy,Female,1990-02-01,3:32 PM,38092,5.668,0.0,Distribution
Russell,Male,2014-08-13,3:51 PM,121160,7.843,0.0,Engineering
Scott,Male,2011-12-17,3:45 AM,90429,4.45,0.0,Product
Sarah,Female,1994-05-22,7:06 AM,64207,7.824,1.0,Client Services
Susan,Female,2004-09-25,1:30 AM,80688,18.892,1.0,Sales
Margaret,Female,2014-05-05,6:01 AM,55044,4.078,0.0,Sales
Joshua,Male,2009-11-09,6:32 AM,72893,9.555,0.0,Distribution
Justin,Female,2005-04-15,8:43 PM,96978,13.865,0.0,Finance
Juan,Male,2002-04-16,11:09 PM,97364,3.595,0.0,Product
Gloria,Female,1983-07-19,1:57 AM,140885,1.113,0.0,Human Resources
Jennifer,Female,1989-01-24,8:38 PM,58520,16.231,1.0,Client Services
Edward,Male,1989-08-04,6:06 AM,66067,10.957,1.0,Client Services
Marilyn,Female,1982-12-17,12:10 PM,147183,8.748,0.0,Business Development
Mary,Female,2009-10-18,6:32 PM,87721,12.484,0.0,Product
Linda,Female,2009-07-15,10:12 PM,144001,2.194,0.0,Business Development
Larry,Male,2003-08-27,1:00 PM,91133,5.14,0.0,Sales
Albert,Male,1997-02-01,4:20 PM,67827,19.717,1.0,Engineering
Kenneth,Male,1999-04-13,10:28 PM,81839,12.072,0.0,Sales
Marilyn,Female,2006-12-31,11:02 PM,81444,3.171,1.0,Distribution
Gregory,Female,2011-07-09,11:31 PM,137661,4.805,1.0,Sales
Brandon,Male,2015-10-16,2:44 AM,112548,4.664,0.0,Engineering
Stephen,Male,1987-04-09,12:47 PM,111249,10.574,1.0,Human Resources
Russell,Male,1994-10-30,5:46 AM,114334,9.669,0.0,Product
Marilyn,Female,2002-09-18,12:39 PM,118906,4.537,1.0,Marketing
Pamela,Female,2001-07-15,1:33 PM,72979,5.66,0.0,Sales
Scott,Male,1996-08-03,1:50 AM,64172,10.894,1.0,Engineering
Marilyn,Female,1996-04-18,3:57 PM,107024,12.182,1.0,Client Services
Carlos,Male,2010-07-28,3:08 PM,50167,2.362,0.0,Product
Jack,Male,1980-12-24,10:58 PM,106995,15.723,0.0,Product
Debra,Female,2010-01-19,8:48 AM,70492,8.895,0.0,Client Services
Phyllis,Female,1995-01-15,5:27 AM,125881,16.697,0.0,Sales
Robert,Male,1994-10-29,4:26 AM,123294,19.894,0.0,Client Services
Gloria,Female,1989-09-19,7:40 PM,131045,11.312,1.0,Product
Sharon,Female,1984-10-28,5:59 PM,97635,10.413,1.0,Client Services
Barbara,Female,2001-04-26,12:22 AM,94493,13.443,1.0,Sales
Marilyn,Female,1989-08-15,9:14 AM,140502,9.989,1.0,Sales
Ralph,Male,2010-10-27,10:28 AM,106310,4.03,1.0,Client Services
Harry,Female,1996-12-05,5:45 AM,46240,6.976,1.0,Engineering
Robin,Female,1998-01-08,2:12 AM,111163,5.025,1.0,Product
Kathy,Female,2001-11-25,9:55 PM,93753,7.094,1.0,Sales
Rose,Female,2002-07-06,3:57 PM,63494,19.385,1.0,Human Resources
Clarence,Male,2005-01-13,9:00 AM,116693,13.835,1.0,Distribution
Doris,Female,1992-07-29,6:40 PM,85215,7.425,1.0,Human Resources
Kathryn,Female,1988-06-09,9:29 AM,86439,7.799,0.0,Finance
Billy,Female,2004-03-16,8:21 AM,62913,18.241,1.0,Marketing
Norma,Female,1996-04-16,5:40 AM,38872,9.302,1.0,Business Development
Richard,Female,1992-11-28,5:05 PM,124655,14.272,1.0,Engineering
Craig,Male,1984-02-08,4:45 AM,113506,19.642,0.0,Marketing
Sarah,Female,1990-07-20,10:49 PM,109980,8.86,0.0,Sales
Sharon,Female,2014-03-09,4:39 PM,91522,7.564,0.0,Finance
Mary,Female,2010-08-22,8:03 AM,42214,17.538,1.0,Business Development
Steve,Female,2002-02-23,3:55 AM,83159,9.55,1.0,Distribution
Joe,Male,2010-12-05,4:20 PM,144082,1.62,1.0,Client Services
Jeremy,Male,1994-05-29,6:24 AM,47885,19.276,1.0,Human Resources
Ernest,Male,2012-08-14,11:25 AM,126232,6.191,1.0,Sales
Kevin,Male,1981-06-23,8:26 PM,134598,11.699,0.0,Business Development
Jacqueline,Female,2007-02-11,2:01 AM,66604,14.609,0.0,Legal
Johnny,Male,1992-09-14,8:21 AM,115194,5.861,1.0,Marketing
Gary,Male,2011-08-18,8:12 AM,49101,11.9,1.0,Business Development
Shirley,Female,1990-11-16,6:01 PM,67811,12.699,0.0,Finance
Marilyn,Male,2008-06-29,5:23 AM,111043,5.966,1.0,Distribution
Sarah,Female,1981-08-31,2:51 PM,37748,9.047,0.0,Human Resources
Julia,Female,1982-03-02,12:52 PM,36403,2.664,1.0,Finance
Dorothy,Female,2013-11-05,10:50 PM,140136,3.12,1.0,Business Development
Justin,Male,1986-05-22,6:30 AM,121508,19.334,1.0,Finance
Kevin,Male,1986-11-20,6:59 PM,79906,18.021,1.0,Sales
Victor,Male,2005-09-24,12:04 PM,123144,16.261,1.0,Product
Deborah,Female,1980-11-25,4:33 AM,46953,17.436,0.0,Client Services
Matthew,Female,2003-06-09,7:35 AM,79443,14.637,0.0,Human Resources
Alice,Female,1986-05-02,1:50 AM,51395,2.378,1.0,Finance
Todd,Male,2016-03-16,2:45 PM,134408,3.56,1.0,Human Resources
Frank,Male,1981-01-10,1:30 PM,71853,8.037,1.0,Sales
Christopher,Male,1999-05-13,10:48 AM,68028,7.869,1.0,Finance
Rose,Female,2015-05-28,8:40 AM,149903,5.63,0.0,Human Resources
Andrea,Female,2010-10-01,11:54 AM,79123,19.422,0.0,Distribution
Charles,Male,1999-12-16,8:28 PM,104014,7.077,0.0,Legal
Jessica,Female,2015-03-07,8:45 PM,121160,12.993,0.0,Client Services
Wanda,Female,2008-07-20,1:44 PM,65362,7.132,1.0,Legal
Joyce,Female,1995-02-07,7:38 AM,50701,14.227,1.0,Client Services
Billy,Male,2006-12-01,3:32 PM,144709,10.069,1.0,Distribution
Kathryn,Female,2007-08-29,6:10 AM,53061,11.864,1.0,Finance
Denise,Female,2001-03-18,12:02 AM,36697,11.196,1.0,Sales
Jason,Male,1998-11-20,2:54 PM,69244,6.22,1.0,Client Services
Nicholas,Male,2013-03-01,9:26 PM,101036,2.826,1.0,Human Resources
Aaron,Male,1990-07-22,2:53 PM,52119,11.343,1.0,Client Services
Louise,Female,2003-05-13,9:47 AM,46666,1.886,1.0,Business Development
Julie,Female,1998-04-23,5:52 AM,73437,2.518,1.0,Finance
Kathy,Female,1987-05-08,6:19 PM,86318,18.492,1.0,Sales
Marilyn,Male,2016-05-24,9:17 PM,76409,7.008,1.0,Distribution
Chris,Male,2006-12-12,1:57 AM,71642,1.496,0.0,Client Services
Cheryl,Female,1994-08-16,8:33 AM,67150,15.85,1.0,Marketing
Gregory,Male,2009-05-15,3:52 PM,142208,11.204,1.0,Engineering
Wayne,Male,1992-01-30,3:01 PM,81183,17.066,0.0,Client Services
Beverly,Female,2005-11-30,2:57 AM,107163,3.665,1.0,Human Resources
Willie,Male,2009-08-22,1:03 PM,55038,19.691,0.0,Legal
Terry,Female,2016-07-15,12:29 AM,140002,19.49,1.0,Marketing
Scott,Male,2012-11-17,2:47 PM,146812,1.965,1.0,Marketing
Annie,Female,1994-12-19,6:19 AM,40119,4.338,1.0,Human Resources
Marilyn,Male,1995-02-21,12:26 AM,136602,10.429,1.0,Marketing
Ruth,Female,2000-10-24,4:13 AM,69579,18.029,1.0,Human Resources
Deborah,Female,1983-02-03,11:38 PM,101457,6.662,0.0,Engineering
Patricia,Female,2015-01-09,4:16 AM,121232,16.624,0.0,Legal
Albert,Male,2007-09-30,5:34 PM,102626,15.843,0.0,Finance
Charles,Female,1987-03-01,1:00 PM,137171,5.574,1.0,Marketing
Tina,Female,2005-01-17,9:11 AM,88276,14.248,0.0,Legal
Jeremy,Male,2001-08-09,3:56 AM,43354,13.946,0.0,Marketing
Craig,Male,1996-04-14,9:17 AM,125556,7.996,0.0,Engineering
Jose,Male,2002-07-11,9:15 AM,59862,3.269,0.0,Product
Lawrence,Male,2005-05-13,1:25 AM,74640,18.641,0.0,Marketing
Helen,Female,1997-10-31,2:43 AM,52875,4.188,0.0,Legal
Walter,Male,2007-08-04,1:59 PM,58789,5.461,0.0,Sales
Amy,Female,2002-06-19,3:06 AM,122897,8.222,1.0,Engineering
Janice,Female,1997-06-28,1:48 PM,136032,10.696,1.0,Marketing
Stephen,Male,2015-05-09,7:07 PM,141958,9.078,1.0,Legal
Ryan,Male,1993-07-20,10:18 PM,139917,11.466,0.0,Distribution
Sharon,Female,2002-03-12,6:32 AM,147635,14.693,0.0,Human Resources
Joshua,Male,1984-07-10,7:22 PM,68230,8.047,0.0,Client Services
Clarence,Male,1992-08-20,8:23 PM,124365,8.457,0.0,Business Development
Jonathan,Male,2002-08-15,12:01 AM,104749,11.364,0.0,Engineering
Stephanie,Female,1992-11-26,12:54 AM,122121,7.937,1.0,Engineering
Kathy,Female,1996-10-25,12:59 PM,143541,8.461,0.0,Human Resources
Albert,Male,2008-08-14,5:43 PM,137840,9.705,0.0,Business Development
Michael,Male,2011-05-22,10:42 AM,73354,18.357,0.0,Business Development
Richard,Male,1997-07-04,11:47 AM,47647,18.787,1.0,Client Services
Amy,Female,2008-03-30,10:54 PM,106249,15.967,0.0,Sales
Marilyn,Female,2013-04-27,6:40 AM,93847,1.085,1.0,Business Development
Beverly,Female,1995-05-03,5:49 AM,104815,3.38,0.0,Product
Marilyn,Female,1992-04-26,8:01 PM,115436,3.099,1.0,Human Resources
Joe,Male,2000-04-14,3:14 PM,50645,11.119,0.0,Marketing
Ashley,Female,1997-08-15,9:48 PM,142415,1.985,1.0,Finance
Howard,Male,2012-04-09,6:36 AM,37984,2.021,0.0,Distribution
Cheryl,Female,2014-12-03,9:27 AM,71751,15.918,0.0,Business Development
Robert,Male,2007-03-11,11:20 AM,135882,19.944,0.0,Legal
Sharon,Female,2011-07-01,9:50 AM,46007,19.731,1.0,Client Services
Judith,Female,2007-11-23,1:22 PM,117055,7.461,0.0,Marketing
Nicholas,Female,1989-09-09,7:12 PM,58478,6.525,1.0,Distribution
Jerry,Male,1995-01-30,7:51 PM,121357,18.845,0.0,Business Development
Craig,Male,2005-11-01,11:31 PM,44857,13.266,0.0,Finance
Barbara,Female,2002-03-21,8:02 AM,47322,7.25,1.0,Sales
Eugene,Male,1984-05-24,10:54 AM,81077,2.117,0.0,Sales
Johnny,Male,2016-02-26,7:39 PM,76394,5.437,1.0,Marketing
Benjamin,Male,2013-05-05,3:28 PM,114356,7.123,0.0,Client Services
Diana,Female,1994-06-13,4:21 PM,41831,4.548,0.0,Business Development
Barbara,Female,1980-12-10,11:04 PM,90187,14.764,1.0,Distribution
Christine,Female,2003-02-01,1:11 PM,72613,11.126,0.0,Legal
Sean,Male,2013-02-11,7:07 PM,42748,9.765,0.0,Distribution
Sarah,Female,1980-11-03,2:47 PM,37259,1.763,0.0,Client Services
Roger,Male,2015-08-03,4:56 PM,125033,4.887,1.0,Marketing
Marilyn,Female,2014-06-24,10:05 AM,38275,10.494,1.0,Distribution
Marilyn,Male,1980-04-20,1:17 PM,71520,13.248,1.0,Engineering
Donald,Male,1995-07-14,7:51 AM,106472,6.499,1.0,Client Services
Clarence,Male,2015-11-03,12:11 AM,103684,18.654,1.0,Engineering
Scott,Male,1996-11-23,7:36 PM,96111,15.592,0.0,Human Resources
Ann,Female,1984-11-04,12:17 PM,90719,6.22,0.0,Business Development
Frank,Male,2003-04-27,12:04 PM,140303,17.07,0.0,Legal
Joe,Male,1983-07-04,7:32 AM,62161,8.13,1.0,Business Development
Wanda,Female,1993-04-06,3:11 AM,78883,19.695,0.0,Client Services
Jimmy,Male,2013-11-19,7:29 PM,63549,19.624,0.0,Client Services
Amy,Female,1984-12-25,10:52 AM,63888,18.115,1.0,Product
Larry,Male,1999-01-08,2:05 AM,97370,10.458,0.0,Sales
Gloria,Female,1992-04-12,8:26 PM,66224,15.979,1.0,Legal
Ruth,Female,1996-12-12,10:07 AM,97915,3.997,1.0,Human Resources
Diana,Female,1995-01-19,12:37 AM,86883,18.003,1.0,Product
Raymond,Male,2009-02-16,10:38 PM,37812,3.178,0.0,Human Resources
Peter,Male,2003-02-22,9:09 AM,56580,8.411,1.0,Client Services
Marilyn,Female,1981-09-25,9:59 AM,83895,17.971,1.0,Engineering
Catherine,Female,2013-08-31,7:24 PM,58047,14.858,1.0,Distribution
Diane,Female,1982-07-05,4:56 PM,124889,15.026,1.0,Sales
Peter,Female,2014-10-13,9:33 PM,118840,14.509,1.0,Client Services
Steve,Male,1995-08-22,6:58 AM,67780,9.54,1.0,Human Resources
Barbara,Female,2004-03-22,8:11 AM,144677,8.696,0.0,Finance
Helen,Female,1993-12-02,1:42 PM,45724,1.022,0.0,Product
Jimmy,Female,1983-08-26,2:48 AM,86676,7.175,1.0,Product
Christopher,Male,2014-04-23,7:52 AM,82401,7.252,0.0,Client Services
Kathleen,Female,2014-06-13,9:16 AM,35575,14.595,0.0,Distribution
Virginia,Female,2010-05-02,9:10 PM,123649,10.154,1.0,Marketing
Lisa,Female,2005-02-26,6:33 PM,38078,10.28,1.0,Product
Earl,Male,2014-02-11,9:03 PM,52620,13.773,0.0,Product
Gerald,Female,1992-01-08,3:50 PM,133366,12.292,0.0,Legal
Louise,Female,1981-09-18,5:47 AM,91462,8.205,0.0,Marketing
Clarence,Male,1982-08-26,9:47 AM,146589,4.905,1.0,Business Development
Cynthia,Female,1991-09-14,1:08 PM,51633,13.472,1.0,Business Development
Adam,Male,2010-10-08,9:53 PM,45181,3.491,0.0,Human Resources
Justin,Male,1999-09-06,10:30 AM,62454,3.459,1.0,Sales
Marilyn,Female,2009-12-02,3:30 AM,84746,4.82,1.0,Finance
Ruby,Female,1999-05-01,3:36 AM,147362,7.851,1.0,Engineering
Amanda,Female,2004-08-01,1:32 PM,80803,14.077,1.0,Distribution
Anna,Female,2008-04-15,2:34 PM,117293,2.366,0.0,Client Services
Roger,Male,2010-07-03,5:11 PM,105689,13.32,1.0,Marketing
Julie,Female,1999-02-04,5:35 PM,93302,9.048,1.0,Product
Joseph,Male,1992-09-10,6:50 PM,102555,3.672,1.0,Product
Evelyn,Female,1998-09-22,7:55 PM,51525,10.366,0.0,Finance
Janice,Female,1984-01-02,9:06 PM,41190,3.311,1.0,Sales
Sara,Female,1980-02-25,10:50 PM,75484,3.186,0.0,Finance
Gregory,Male,1984-06-18,3:46 AM,82726,16.304,1.0,Marketing
Philip,Male,1985-07-18,6:36 AM,122319,19.122,0.0,Engineering
Barbara,Female,1991-09-02,3:41 PM,127297,11.905,1.0,Product
Amanda,Female,2002-06-07,7:46 AM,109290,13.853,0.0,Engineering
Phyllis,Female,1985-10-25,7:11 AM,99150,6.007,0.0,Client Services
Anne,Female,1996-10-26,8:09 PM,71930,18.451,1.0,Product
Arthur,Male,2014-12-16,4:56 PM,66819,6.639,1.0,Marketing
Jane,Female,1994-06-01,8:39 AM,42424,18.115,0.0,Distribution
Linda,Female,1985-08-18,4:34 AM,51431,13.295,0.0,Engineering
Ashley,Female,1999-11-17,9:18 PM,120675,6.51,0.0,Human Resources
Shawn,Male,2009-12-03,10:24 AM,96610,2.097,1.0,Client Services
Kathleen,Female,1996-09-20,3:45 PM,71430,8.572,0.0,Engineering
Sara,Female,1983-10-07,1:35 PM,87713,18.863,1.0,Legal
Randy,Male,2002-05-02,7:39 PM,86723,14.842,0.0,Engineering
Andrew,Male,1985-03-29,6:57 PM,43414,7.563,1.0,Client Services
Marilyn,Female,2006-08-09,11:24 AM,87145,17.33,0.0,Human Resources
Johnny,Male,1995-01-08,1:35 PM,91124,12.986,1.0,Distribution
Marilyn,Female,1980-04-01,8:04 PM,48141,12.605,1.0,Client Services
Susan,Female,1986-04-18,9:31 AM,90829,19.142,0.0,Marketing
Ruby,Female,1980-07-07,3:42 AM,101262,6.773,0.0,Client Services
Kelly,Female,1996-08-16,3:09 AM,41427,1.431,0.0,Product
Jonathan,Male,1995-04-06,10:38 PM,56993,18.623,0.0,Marketing
Raymond,Male,1996-01-13,4:14 PM,114244,16.69,0.0,Human Resources
Kimberly,Female,1981-12-30,4:51 AM,81800,5.435,1.0,Client Services
Marilyn,Female,2009-01-13,1:01 PM,118736,7.421,1.0,Client Services
John,Male,1995-01-22,12:17 AM,66077,5.809,1.0,Product
Michael,Male,1993-07-30,5:35 PM,35013,14.879,0.0,Product
Jerry,Male,2003-05-04,4:29 AM,98393,11.393,0.0,Client Services
Amanda,Female,1982-03-17,11:46 PM,107111,1.438,1.0,Product
Harold,Male,2010-10-18,8:45 PM,65673,1.187,1.0,Legal
Harry,Male,1985-01-27,8:18 PM,65482,18.089,0.0,Client Services
Ernest,Male,1990-01-28,12:08 AM,81919,15.118,0.0,Marketing
Harry,Male,1982-11-19,11:25 AM,59277,10.2,0.0,Finance
Diane,Female,1988-02-02,6:14 PM,49501,13.506,0.0,Business Development
Jack,Male,2012-05-30,3:17 AM,70367,18.266,1.0,Legal
Shirley,Female,1988-04-16,11:09 AM,132156,2.754,0.0,Marketing
Rose,Female,2004-10-30,4:34 PM,56961,7.585,0.0,Marketing
Cheryl,Female,1982-07-23,6:28 AM,98841,8.945,1.0,Client Services
Cynthia,Female,1980-05-23,3:19 AM,78226,2.419,0.0,Human Resources
Sandra,Female,1995-04-24,7:14 PM,116931,9.657,1.0,Human Resources
Andrea,Female,1994-10-30,11:23 AM,87575,13.346,1.0,Business Development
Rachel,Female,1988-04-22,12:01 PM,110924,7.808,0.0,Distribution
Justin,Male,1981-05-24,11:15 PM,78351,15.221,0.0,Sales
Marie,Female,2000-11-23,5:06 AM,125574,4.644,0.0,Sales
Louis,Male,2011-04-15,5:02 AM,95198,2.075,0.0,Business Development
Nancy,Female,1985-05-07,10:20 PM,121006,3.512,1.0,Finance
Mark,Male,1984-10-03,5:31 AM,95728,6.752,1.0,Business Development
Teresa,Female,1987-06-24,7:37 PM,69740,8.294,0.0,Distribution
Frances,Female,2001-07-21,2:34 AM,91996,11.506,0.0,Product
Marilyn,Female,1990-10-11,10:57 PM,98385,10.925,1.0,Human Resources
Barbara,Female,1994-12-20,10:09 AM,90556,15.749,1.0,Distribution
Christine,Female,1980-06-15,6:00 PM,50366,9.862,1.0,Marketing
Bobby,Female,2003-07-21,3:50 PM,84232,15.704,1.0,Engineering
Carl,Female,1991-10-26,8:11 AM,100888,12.49,1.0,Business Development
Bruce,Male,2013-03-15,11:13 PM,141335,15.427,1.0,Engineering
Rose,Female,1982-05-20,9:14 AM,97691,2.142,0.0,Client Services
Mildred,Female,1981-02-21,3:30 AM,47266,10.256,0.0,Client Services
Marilyn,Male,1983-10-13,11:59 PM,139754,12.74,1.0,Sales
Marilyn,Female,1993-10-24,5:17 PM,116236,17.274,1.0,Engineering
Todd,Male,2010-02-16,11:29 AM,103405,15.91,0.0,Sales
Alan,Male,2012-02-17,12:26 AM,41453,10.084,0.0,Product
Elizabeth,Female,1981-02-16,3:58 AM,52730,12.525,0.0,Marketing
Julie,Female,2000-10-21,1:15 AM,60361,7.099,1.0,Distribution
Teresa,Female,1992-01-03,3:47 PM,63103,11.378,0.0,Finance
Eric,Male,2004-11-12,9:16 PM,65168,11.513,0.0,Distribution
Edward,Male,2001-08-30,1:24 AM,73105,6.083,1.0,Engineering
Kimberly,Female,1986-12-06,2:23 PM,37916,12.929,1.0,Distribution
Kathy,Female,2001-01-14,5:11 AM,45682,1.451,1.0,Marketing
Peter,Male,1992-11-24,5:43 PM,69297,1.268,0.0,Finance
Beverly,Female,1990-10-22,2:45 PM,59070,19.064,1.0,Engineering
Ralph,Male,2012-03-07,2:25 AM,81215,8.4,0.0,Finance
Justin,Male,1997-08-10,11:00 PM,128036,18.824,0.0,Client Services
Irene,Female,2005-06-23,11:03 AM,89780,8.999,1.0,Sales
Irene,Female,2006-11-29,2:14 PM,125018,9.601,1.0,Legal
Jeremy,Male,1997-11-26,8:22 AM,133033,12.2,0.0,Sales
Cynthia,Female,2015-06-29,6:38 AM,82408,8.701,1.0,Marketing
Marilyn,Female,1997-04-13,8:03 AM,131755,2.93,1.0,Client Services
Anne,Female,1984-11-21,12:30 PM,128305,16.636,0.0,Marketing
Marilyn,Female,1988-09-02,12:49 PM,147309,1.702,1.0,Distribution
Debra,Female,1983-03-12,12:19 PM,74911,19.513,0.0,Marketing
Michael,Male,1988-07-13,1:48 PM,47079,2.617,0.0,Legal
Jason,Female,2008-03-06,1:20 AM,82873,1.869,0.0,Client Services
Rebecca,Female,1990-02-23,3:21 PM,134673,6.878,0.0,Engineering
Andrea,Female,2011-11-17,2:37 PM,123591,6.5,1.0,Engineering
Carl,Male,1987-03-30,5:59 PM,75598,19.289,0.0,Client Services
Randy,Male,2000-09-27,3:04 AM,89831,13.047,1.0,Client Services
Marilyn,Female,1984-07-02,4:06 PM,92430,2.924,0.0,Engineering
Wayne,Male,2009-09-02,1:37 AM,126956,18.396,0.0,Human Resources
Frances,Female,1996-11-12,6:08 PM,112467,1.433,0.0,Business Development
Amanda,Female,1991-08-11,2:15 PM,46665,19.391,1.0,Client Services
Kathleen,Female,2004-08-28,10:49 AM,42553,3.756,1.0,Distribution
Amanda,Female,1995-01-25,5:06 AM,102081,5.203,0.0,Sales
Amanda,Female,2010-03-16,9:17 AM,135118,15.108,0.0,Finance
Shawn,Male,1987-09-29,10:11 PM,71975,9.77,0.0,Human Resources
Katherine,Female,1996-08-13,12:21 AM,149908,18.912,0.0,Finance
Anna,Female,1985-03-13,9:19 AM,45418,10.162,0.0,Marketing
Elizabeth,Female,2010-02-21,7:02 AM,79145,19.78,0.0,Finance
Donald,Male,1988-04-06,10:00 AM,122920,5.32,0.0,Client Services
Gregory,Male,1999-11-15,5:22 PM,128031,15.857,1.0,Business Development
Ruth,Female,2004-02-17,5:38 AM,59969,14.064,1.0,Finance
Cynthia,Female,1986-07-05,1:24 AM,35381,11.749,0.0,Finance
Deborah,Female,1985-11-21,1:40 PM,113129,17.371,0.0,Client Services
Willie,Male,2009-12-05,5:39 AM,141932,1.017,1.0,Engineering
Debra,Female,2006-05-28,6:51 AM,42296,16.922,0.0,Product
Carl,Male,1984-12-14,8:49 PM,63395,11.411,0.0,Legal
Walter,Male,2007-09-24,11:16 PM,125382,13.613,1.0,Client Services
Lisa,Female,1982-02-09,6:44 PM,113592,17.108,1.0,Marketing
Rebecca,Female,2000-03-05,10:33 AM,46750,11.367,1.0,Sales
Jessica,Female,1986-10-19,9:58 PM,90285,13.591,1.0,Client Services
Steve,Female,2009-08-27,3:41 PM,53692,4.785,1.0,Marketing
Mary,Female,1986-12-24,7:02 PM,100341,6.662,0.0,Distribution
Craig,Male,1995-08-21,2:38 AM,123876,4.225,0.0,Engineering
Katherine,Female,2000-12-19,1:40 AM,41643,4.659,1.0,Distribution
Andrea,Female,1989-08-31,11:10 PM,113760,12.866,1.0,Distribution
Timothy,Male,2010-10-06,10:49 PM,49473,12.463,0.0,Legal
Anthony,Male,2013-02-13,1:35 PM,146141,3.645,1.0,Distribution
Harold,Female,2004-02-04,11:02 AM,79459,7.776,1.0,Business Development
Douglas,Female,2009-02-04,2:03 AM,104496,14.771,1.0,Marketing
James,Male,2001-12-05,7:06 AM,67789,17.105,1.0,Legal
Joseph,Female,1982-03-28,1:05 PM,86564,11.879,1.0,Client Services
Martha,Female,2001-09-14,3:22 AM,135758,14.782,1.0,Client Services
Laura,Female,2000-07-12,6:07 PM,84672,3.96,0.0,Distribution
Robert,Male,1982-11-05,12:41 PM,111580,10.982,0.0,Human Resources
Ralph,Male,1996-03-24,11:54 AM,50455,16.248,0.0,Business Development
Marilyn,Male,2012-08-28,7:56 PM,88733,1.932,1.0,Human Resources
Diane,Female,2009-10-30,6:56 PM,130577,12.791,0.0,Marketing
Annie,Female,1992-06-06,10:04 AM,138925,9.801,1.0,Marketing
Jacqueline,Female,1994-09-20,6:07 PM,62371,15.77,1.0,Client Services
Brenda,Female,1984-04-17,7:12 AM,87715,2.675,0.0,Product
Lori,Female,2002-09-11,7:36 AM,66029,3.345,1.0,Client Services
Albert,Male,1992-06-17,3:25 AM,86818,14.301,1.0,Engineering
Frank,Male,2002-11-23,6:10 PM,75147,17.398,0.0,Product
Deborah,Female,2000-04-23,6:55 PM,105573,5.268,1.0,Product
Robin,Female,2005-12-20,2:42 PM,41230,6.611,1.0,Distribution
Alice,Female,2016-01-21,5:07 PM,117787,10.485,0.0,Client Services
Marilyn,Male,1989-10-20,9:37 AM,88086,19.387,1.0,Finance
Paul,Female,2011-02-18,12:23 PM,91462,18.704,0.0,Finance
Marilyn,Male,1996-12-27,7:07 AM,139959,8.992,1.0,Distribution
Brian,Male,2007-04-07,10:47 PM,93901,17.821,1.0,Legal
Julie,Female,1980-05-08,6:31 AM,50529,17.263,0.0,Finance
Bruce,Male,2007-01-28,11:10 PM,134988,13.926,1.0,Sales
Joan,Female,2007-10-02,2:53 AM,120941,3.694,1.0,Finance
Harold,Male,2007-05-15,6:37 PM,118753,8.162,0.0,Sales
Alice,Female,1995-10-16,9:19 PM,92799,2.782,0.0,Sales
Barbara,Female,2011-11-12,12:35 AM,85718,13.326,0.0,Client Services
Sarah,Female,1999-04-06,11:17 AM,109517,5.146,0.0,Human Resources
Samuel,Male,2012-05-25,4:40 PM,85550,11.593,1.0,Marketing
Marilyn,Male,1990-05-23,2:09 AM,136655,9.801,1.0,Distribution
Barbara,Female,2002-08-02,5:13 AM,43312,8.218,1.0,Legal
Amy,Female,1984-05-19,11:47 AM,102839,10.385,1.0,Distribution
Frank,Male,2009-03-02,9:15 PM,78891,7.927,1.0,Distribution
Robin,Female,2005-09-16,1:26 AM,93201,11.712,1.0,Legal
Debra,Female,2011-03-17,1:12 PM,84693,6.976,1.0,Finance
Brandon,Female,2004-05-31,3:36 PM,73587,9.769,1.0,Human Resources
Thomas,Male,1991-09-07,9:51 AM,65251,11.211,0.0,Distribution
Harry,Male,2015-09-23,1:36 AM,129148,15.193,1.0,Engineering
Todd,Male,1993-07-04,6:53 PM,128175,18.473,1.0,Client Services
Patricia,Female,1998-03-07,1:10 AM,75825,7.839,0.0,Engineering
Steve,Male,2002-01-11,9:17 PM,51821,1.197,1.0,Legal
Marilyn,Male,1995-04-07,4:32 AM,60411,12.048,1.0,Human Resources
Edward,Male,1997-11-27,1:00 AM,58327,17.095,1.0,Finance
Karen,Female,2014-01-09,10:09 PM,46478,16.552,0.0,Engineering
Martin,Female,2001-02-06,4:17 AM,123963,15.745,1.0,Engineering
Ann,Female,1994-09-28,5:44 AM,79796,9.851,0.0,Distribution
Jonathan,Male,1984-07-30,6:02 PM,83809,12.922,0.0,Distribution
Peter,Male,1982-03-22,7:28 AM,77933,13.132,1.0,Engineering
Eric,Male,1993-06-15,3:56 AM,51070,13.806,1.0,Business Development
Jason,Female,1988-04-15,8:16 PM,97480,11.518,0.0,Human Resources
Terry,Male,2010-10-21,11:18 PM,58357,7.969,0.0,Engineering
John,Male,1999-01-29,3:07 AM,67165,13.001,0.0,Engineering
Marie,Female,1983-04-08,2:01 PM,145988,18.685,1.0,Human Resources
Harold,Male,2010-04-16,5:13 AM,147417,11.626,1.0,Business Development
Joshua,Male,1997-06-27,3:23 PM,95003,5.197,1.0,Marketing
Brandon,Female,1992-09-05,2:32 AM,144187,11.416,1.0,Legal
Andrea,Female,2001-12-10,6:40 AM,37888,13.47,0.0,Engineering
Jeremy,Male,1991-05-19,1:40 PM,131513,1.876,1.0,Finance
Daniel,Male,2016-02-29,4:04 AM,77287,13.0,1.0,Client Services
Roy,Male,2004-05-10,1:22 PM,46875,12.942,1.0,Sales
Dorothy,Female,2008-10-08,12:22 AM,82744,19.111,1.0,Client Services
Steven,Male,1986-09-07,12:32 AM,43252,18.892,0.0,Client Services
Nicole,Female,2009-04-26,12:40 AM,66047,18.674,1.0,Marketing
Ann,Female,2001-07-16,9:27 AM,118431,12.772,1.0,Finance
Henry,Male,1986-05-12,2:04 AM,59943,1.432,0.0,Finance
Marilyn,Male,2009-06-17,1:00 PM,136681,3.655,1.0,Business Development
Marilyn,Female,1994-12-18,8:42 PM,138807,1.4,1.0,Human Resources
Barbara,Female,2002-11-26,5:32 AM,82884,6.837,1.0,Business Development
Judy,Female,2011-04-05,1:44 AM,48668,11.716,1.0,Product
Lawrence,Male,2011-07-23,3:41 AM,122971,14.618,0.0,Product
Joseph,Male,2010-10-10,11:12 PM,107050,12.737,0.0,Business Development
Carlos,Male,1981-01-25,10:00 AM,138598,14.737,0.0,Sales
Russell,Female,2009-05-09,11:59 AM,149456,3.533,0.0,Marketing
Jane,Female,1999-07-10,7:02 PM,128540,15.941,0.0,Legal
Martin,Male,2016-02-25,6:29 PM,61117,2.844,0.0,Client Services
Steven,Male,1980-05-30,8:25 PM,100949,13.813,1.0,Human Resources
Judy,Female,2011-07-15,3:38 PM,46829,5.19,1.0,Finance
James,Male,2008-02-16,2:49 AM,69111,14.625,1.0,Business Development
Gloria,Female,2004-08-19,10:31 AM,46602,1.027,1.0,Business Development
Ernest,Male,2001-06-30,1:46 PM,61181,16.559,0.0,Business Development
Martha,Female,1997-07-17,11:11 PM,94963,19.626,1.0,Business Development
Janet,Female,1986-01-25,5:48 AM,85789,9.712,0.0,Legal
Louis,Female,1983-02-05,6:39 PM,145274,16.379,0.0,Product
Tina,Female,1999-08-06,3:18 AM,102841,3.369,0.0,Client Services
Henry,Male,2007-02-23,3:24 AM,49665,18.338,0.0,Business Development
Antonio,Male,1999-06-06,10:54 PM,41928,5.478,1.0,Client Services
Lisa,Female,2007-04-11,1:04 AM,128042,2.03,1.0,Legal
Denise,Female,1984-02-19,6:22 AM,86150,3.997,0.0,Client Services
Stephen,Male,1984-10-21,6:26 AM,121816,10.615,1.0,Distribution
Benjamin,Male,1988-04-12,11:32 PM,123409,7.783,0.0,Product
Carl,Female,2007-08-18,8:01 AM,98295,7.617,1.0,Legal
Ruth,Female,1980-09-02,6:52 AM,59678,10.895,0.0,Distribution
Shawn,Male,2006-12-29,3:05 AM,57871,4.02,1.0,Human Resources
Jennifer,Female,2015-03-31,7:43 PM,132084,10.006,1.0,Engineering
Terry,Male,2004-11-10,4:33 AM,35633,3.947,1.0,Distribution
Jacqueline,Female,2008-07-27,12:08 PM,125298,3.019,1.0,Legal
Roger,Male,1988-05-02,10:04 PM,115582,15.343,1.0,Sales
Alice,Female,1995-04-23,6:35 AM,148339,11.479,1.0,Finance
Justin,Male,1991-07-25,12:45 AM,112975,9.699,0.0,Human Resources
Janet,Female,2008-07-12,12:10 PM,36927,18.769,0.0,Client Services
Robin,Female,2004-03-26,5:41 PM,70248,9.66,1.0,Sales
Samuel,Female,2002-10-07,3:08 AM,141305,9.849,1.0,Marketing
Katherine,Female,2006-09-22,8:08 PM,72002,13.178,1.0,Product
Peter,Male,1991-05-22,1:39 AM,102577,12.026,1.0,Product
Lillian,Female,2009-08-14,5:41 AM,113554,18.018,1.0,Business Development
Marilyn,Male,1986-10-24,9:23 AM,47176,10.736,1.0,Finance
Marilyn,Female,2000-06-18,7:36 AM,106428,10.867,1.0,Client Services
Rose,Female,1999-11-03,9:06 AM,75181,6.06,1.0,Finance
Bobby,Male,2004-09-30,10:52 PM,79047,18.784,0.0,Human Resources
Kimberly,Female,1986-04-20,3:55 PM,52970,4.513,0.0,Sales
Antonio,Male,2003-12-28,4:17 AM,137979,5.266,0.0,Distribution
Doris,Female,1984-09-08,7:03 PM,114360,17.799,1.0,Business Development
Steven,Male,2009-07-05,4:55 AM,110306,16.843,1.0,Human Resources
Lawrence,Male,1995-07-03,10:55 PM,46378,9.127,0.0,Client Services
Marilyn,Male,1986-05-06,4:41 PM,74104,17.68,1.0,Client Services
Marilyn,Female,1991-04-15,3:39 AM,132505,13.592,1.0,Product
Stephanie,Female,1982-09-14,8:14 AM,96649,3.453,0.0,Sales
Marilyn,Female,1982-07-24,12:00 AM,57811,8.941,1.0,Marketing
Sandra,Female,1989-09-07,4:17 PM,111468,2.58,1.0,Product
Kevin,Male,2005-07-01,3:22 PM,141498,4.135,1.0,Sales
Michelle,Female,2012-03-31,6:28 AM,124441,16.353,0.0,Business Development
Lisa,Female,2000-07-08,9:19 PM,40121,6.293,0.0,Product
Fred,Male,1989-03-03,2:27 AM,129712,11.058,0.0,Finance
Joseph,Male,1982-11-04,9:46 PM,126010,19.601,0.0,Legal
Anne,Female,1996-04-18,11:57 PM,122762,9.564,0.0,Distribution
Andrea,Female,1999-07-22,9:25 AM,149105,13.707,1.0,Distribution
Nicole,Female,2004-03-01,5:17 PM,44021,10.286,0.0,Client Services
Theresa,Female,1995-10-07,10:16 AM,42025,3.319,1.0,Human Resources
Catherine,Female,1986-08-31,6:20 PM,59970,12.801,0.0,Client Services
Rose,Female,1982-12-31,6:50 PM,145001,19.85,0.0,Engineering
Lawrence,Male,1984-10-01,2:06 PM,102589,17.952,1.0,Marketing
Raymond,Male,1986-12-12,12:18 PM,47529,2.712,1.0,Product
Clarence,Male,1989-08-05,6:11 PM,148941,11.517,0.0,Product
Ryan,Male,1988-04-15,5:18 AM,91109,17.499,1.0,Human Resources
Jane,Female,1992-01-12,1:23 PM,51923,13.623,0.0,Business Development
Lois,Female,2012-07-28,11:39 AM,53954,19.075,0.0,Product
Shawn,Male,2008-03-17,2:12 PM,39335,10.664,0.0,Distribution
Thomas,Male,1990-05-03,9:29 AM,111371,15.081,1.0,Engineering
Kathryn,Female,2008-01-29,12:29 AM,86676,6.081,0.0,Sales
Mary,Female,2011-11-06,8:32 AM,115057,2.089,0.0,Finance
Julie,Female,1980-03-08,5:13 AM,145357,3.459,0.0,Engineering
George,Male,1995-09-27,5:04 PM,36749,19.754,0.0,Finance
Ralph,Male,2000-02-10,4:48 PM,89854,7.227,0.0,Business Development
Judith,Female,1989-09-03,11:16 AM,134048,6.818,1.0,Marketing
Marilyn,Male,1994-12-13,10:34 AM,141311,5.478,1.0,Product
Evelyn,Female,2002-02-10,4:44 AM,123621,19.767,1.0,Marketing
Rachel,Female,2011-06-23,12:52 AM,54941,3.221,1.0,Distribution
Maria,Female,1986-01-18,8:36 PM,106562,4.0,0.0,Human Resources
Kelly,Female,2007-03-17,6:20 PM,39371,4.068,0.0,Engineering
Ruby,Female,2008-05-31,8:41 PM,83112,4.083,0.0,Marketing
Ann,Female,1980-10-03,1:08 AM,96941,10.048,1.0,Distribution
Kenneth,Male,1985-12-14,6:55 AM,47232,17.862,1.0,Legal
William,Male,1993-11-18,12:27 PM,54058,5.182,1.0,Human Resources
Marilyn,Female,1980-12-27,2:27 AM,80399,12.254,1.0,Distribution
Deborah,Female,2009-02-26,10:17 AM,118043,7.266,1.0,Business Development
Marilyn,Male,2009-11-12,2:30 PM,109411,9.494,1.0,Engineering
Julia,Female,2014-08-18,3:12 AM,97566,2.147,0.0,Marketing
Robert,Female,2000-12-04,1:20 AM,69267,5.89,1.0,Sales
Marilyn,Female,1988-08-01,1:35 AM,87103,5.665,1.0,Client Services
Jesse,Female,2014-07-16,2:24 AM,98811,7.487,0.0,Legal
Cynthia,Female,2006-07-12,8:55 AM,149684,7.864,0.0,Product
Johnny,Male,2007-01-14,2:54 PM,71383,2.097,1.0,Human Resources
Michael,Male,2002-08-31,1:20 AM,81206,19.908,1.0,Distribution
Kenneth,Male,2015-01-15,2:41 PM,69112,7.588,1.0,Finance
Keith,Male,2003-02-12,3:02 PM,120672,19.467,0.0,Legal
Gerald,Male,2010-05-28,12:26 PM,96511,9.331,0.0,Human Resources
Carl,Female,1982-02-11,7:54 AM,49325,2.071,1.0,Business Development
Douglas,Male,2007-08-04,5:23 AM,132175,2.28,0.0,Engineering
Carolyn,Female,2004-03-17,6:38 AM,118037,13.492,0.0,Finance
Joseph,Male,1985-05-23,10:16 PM,139570,15.804,1.0,Finance
Billy,Male,2000-04-06,3:14 PM,115280,9.153,0.0,Distribution
Joyce,Female,2001-07-25,6:04 AM,51065,16.807,0.0,Human Resources
Lillian,Female,2002-08-26,8:53 AM,103854,4.924,1.0,Distribution
Ruby,Female,2006-08-13,6:27 PM,48354,19.501,0.0,Business Development
Sandra,Female,1998-02-07,12:39 PM,132327,19.264,0.0,Product
Louise,Female,1982-02-26,1:03 AM,106362,8.965,0.0,Sales
Maria,Female,1985-06-19,1:48 AM,148857,8.738,0.0,Legal
Brenda,Female,1981-01-03,6:01 PM,131131,11.682,0.0,Client Services
Stephen,Male,1990-09-10,10:42 PM,129663,15.574,0.0,Human Resources
Nicole,Female,1981-05-02,12:03 PM,41449,4.707,0.0,Finance
Bobby,Male,1984-06-05,7:40 AM,93368,2.88,1.0,Product
Ernest,Male,1997-09-06,2:02 PM,53335,9.192,0.0,Product
Charles,Male,1997-09-03,10:04 AM,148291,6.002,0.0,Client Services
Bobby,Male,1996-08-19,1:16 AM,147842,16.158,1.0,Client Services
Diana,Female,2004-11-19,8:47 AM,105066,17.343,1.0,Business Development
Mildred,Female,2007-04-06,10:06 PM,139284,11.39,1.0,Client Services
Harry,Male,1985-02-10,7:46 PM,63046,10.411,0.0,Finance
Phillip,Female,2003-10-20,11:09 AM,89700,2.277,1.0,Client Services
Bonnie,Female,2006-01-18,6:52 PM,108946,12.211,0.0,Finance
Marie,Female,1993-12-08,6:28 PM,98406,7.943,1.0,Product
Sean,Male,2006-04-25,4:51 PM,108581,9.634,0.0,Human Resources
Robin,Female,2012-10-01,2:44 AM,41808,19.239,0.0,Business Development
Phillip,Male,1984-10-07,11:05 AM,36837,14.66,0.0,Marketing
Jerry,Male,1989-03-26,4:15 AM,140850,18.855,0.0,Finance
Ronald,Male,1983-05-25,10:05 AM,50426,18.536,1.0,Sales
Phillip,Male,1984-05-15,6:15 AM,134120,6.842,0.0,Human Resources
Ryan,Male,2012-11-16,1:47 PM,57292,6.01,0.0,Client Services
Karen,Female,1997-08-29,4:56 PM,80633,16.306,0.0,Legal
Bonnie,Female,2004-08-25,2:17 AM,131943,14.249,0.0,Client Services
Earl,Male,2013-06-15,3:00 AM,48046,7.737,0.0,Marketing
Katherine,Female,2013-08-18,3:58 PM,97443,13.657,0.0,Product
Matthew,Male,1995-08-03,5:39 AM,135352,7.986,1.0,Business Development
Cynthia,Female,1996-11-19,10:40 PM,107816,18.751,0.0,Marketing
Gerald,Male,2003-03-29,10:37 AM,96329,2.469,1.0,Engineering
Brenda,Female,2015-01-18,4:39 PM,73749,19.332,0.0,Business Development
Jason,Male,1998-05-01,6:05 PM,75607,4.299,1.0,Sales
Melissa,Female,1994-09-08,4:11 AM,98858,3.525,1.0,Human Resources
Beverly,Female,1998-04-11,2:27 PM,76485,9.212,1.0,Engineering
Terry,Female,1992-09-11,4:41 PM,41238,8.219,0.0,Marketing
Marilyn,Male,1980-09-05,7:36 AM,114896,13.823,1.0,Client Services
Jacqueline,Female,2003-05-25,7:13 PM,125418,8.064,0.0,Distribution
Amy,Female,2009-05-20,6:26 AM,75415,19.132,0.0,Client Services
Robert,Female,2007-05-25,3:17 AM,90998,8.382,0.0,Finance
Ruby,Female,1980-01-28,11:08 PM,142868,6.318,0.0,Marketing
Sara,Female,2014-11-18,2:47 PM,135990,14.344,1.0,Distribution
Kathryn,Female,1995-10-27,3:39 PM,57300,18.015,0.0,Marketing
Lisa,Female,2003-10-17,1:42 PM,73706,18.53,0.0,Finance
Juan,Male,1993-10-06,8:52 AM,85871,9.16,0.0,Product
Anthony,Male,2014-01-30,9:04 PM,96795,14.837,0.0,Sales
David,Male,2009-12-05,8:48 AM,92242,15.407,0.0,Legal
Marilyn,Female,2007-10-08,12:32 AM,115149,11.934,1.0,Legal
Margaret,Female,2001-01-04,3:07 AM,126924,1.552,1.0,Finance
Marilyn,Male,2015-11-24,3:11 AM,145329,7.1,1.0,Finance
Timothy,Male,1991-08-25,10:37 AM,92587,8.475,0.0,Finance
Brandon,Male,1995-10-23,12:04 PM,60263,2.709,0.0,Sales
Frank,Male,2013-07-27,4:32 PM,91406,5.681,1.0,Business Development
Betty,Female,2002-11-19,10:40 AM,37005,7.645,1.0,Marketing
Janice,Female,1991-11-19,6:02 PM,139791,16.968,0.0,Business Development
Victor,Male,2010-03-10,5:01 PM,45267,3.942,1.0,Sales
Kenneth,Female,1994-02-28,10:10 AM,95296,10.146,0.0,Finance
Jane,Female,2012-04-27,2:12 PM,59680,15.211,1.0,Business Development
Walter,Male,1992-05-21,12:39 AM,144701,16.323,1.0,Marketing
Christina,Female,2002-06-23,3:18 PM,35477,18.178,0.0,Human Resources
Patricia,Female,1995-10-10,4:52 PM,119266,6.911,0.0,Distribution
Marilyn,Male,2001-05-23,7:52 PM,103877,6.322,1.0,Distribution
Heather,Female,1983-07-29,10:48 AM,47605,14.955,1.0,Human Resources
Stephanie,Female,1988-06-26,5:48 AM,136604,6.16,1.0,Human Resources
Alice,Female,2013-02-09,12:49 AM,121250,4.363,1.0,Finance
Frances,Female,2014-05-16,8:31 AM,35884,17.667,0.0,Sales
Elizabeth,Female,1998-07-27,11:12 AM,137144,10.081,0.0,Finance
Janice,Female,2009-12-17,6:42 AM,102697,3.283,0.0,Engineering
Donald,Male,1991-08-01,2:25 AM,61999,6.466,0.0,Product
Melissa,Female,2002-10-22,1:20 AM,45223,8.879,1.0,Legal
Carl,Male,2010-07-07,1:33 PM,54033,15.528,1.0,Business Development
Joe,Male,1998-12-08,10:28 AM,126120,1.02,0.0,Client Services
Lois,Female,2015-12-11,4:10 PM,99747,6.168,0.0,Marketing
Ann,Female,2001-09-28,6:37 AM,71958,5.272,1.0,Distribution
Todd,Male,1983-01-04,12:34 PM,115566,6.716,1.0,Client Services
Marilyn,Female,1996-01-16,7:18 AM,118369,7.696,1.0,Business Development
Shawn,Male,2008-03-13,5:36 PM,51667,6.339,0.0,Product
Ryan,Male,1999-04-27,3:41 AM,85858,19.475,0.0,Client Services
Sean,Male,2009-03-21,11:38 AM,131423,8.957,0.0,Distribution
Rose,Female,2002-01-02,9:14 PM,49538,9.828,0.0,Client Services
George,Male,2015-06-05,5:40 AM,50369,18.9,1.0,Sales
Arthur,Male,2013-12-05,8:44 AM,86615,3.412,1.0,Business Development
Irene,Female,1991-02-28,10:23 PM,135369,4.38,0.0,Business Development
Deborah,Female,2003-11-11,4:53 PM,60003,9.624,0.0,Client Services
Marilyn,Female,2000-08-23,4:19 PM,95866,19.388,1.0,Sales
Judith,Female,2004-03-01,7:32 AM,109324,19.488,0.0,Distribution
Philip,Male,2005-03-11,10:56 AM,103557,16.014,1.0,Business Development
Jeffrey,Male,1986-09-20,6:06 AM,111376,2.673,1.0,Business Development
Theresa,Female,2001-04-27,9:17 PM,75661,1.079,1.0,Legal
Nancy,Female,2001-09-10,11:57 PM,85213,2.386,1.0,Marketing
Harold,Male,2012-06-23,12:40 PM,140444,3.771,0.0,Distribution
Bonnie,Female,2008-12-23,9:26 AM,90427,2.01,1.0,Client Services
Doris,Female,1993-07-05,5:54 PM,141439,3.799,0.0,Business Development
Samuel,Male,1997-08-07,12:40 PM,43694,3.787,1.0,Engineering
Alice,Female,1996-03-23,3:09 AM,131952,12.09,0.0,Engineering
Maria,Female,2003-03-14,5:23 PM,96250,10.056,0.0,Business Development
Aaron,Female,1986-01-22,7:39 PM,63126,18.424,0.0,Client Services
Mark,Female,2006-09-09,12:27 PM,44836,2.657,0.0,Client Services
Ralph,Female,1995-07-28,6:53 PM,70635,2.147,0.0,Client Services
Andrew,Male,1990-09-28,9:38 AM,137386,8.611,1.0,Distribution
William,Male,1997-06-26,8:33 AM,104840,15.653,1.0,Engineering
Lori,Female,2015-11-20,1:15 PM,75498,6.537,1.0,Marketing
Wayne,Male,2006-09-08,11:09 AM,67471,2.728,0.0,Engineering
Kenneth,Male,2006-05-10,8:24 AM,101914,1.905,1.0,Distribution
Gerald,Female,1989-04-15,12:44 PM,93712,17.426,1.0,Distribution
Marilyn,Female,1985-09-15,1:50 AM,133472,16.941,1.0,Distribution
Marilyn,Male,2012-07-30,3:07 PM,107351,5.329,1.0,Marketing
Ashley,Female,2006-03-31,1:24 PM,142410,11.048,1.0,Engineering
Scott,Male,2011-08-20,8:08 AM,37385,8.226,1.0,Business Development
Paula,Female,1983-05-21,11:42 AM,58423,10.833,0.0,Business Development
Marilyn,Female,2010-09-14,5:19 AM,143638,9.662,1.0,Client Services
Teresa,Female,2013-01-22,3:17 PM,113425,11.907,1.0,Human Resources
Randy,Male,2012-02-25,5:33 AM,57266,14.077,0.0,Product
Joe,Male,1980-01-19,4:06 PM,119667,1.148,1.0,Finance
Sarah,Female,2014-08-17,11:08 PM,127118,11.176,0.0,Legal
Beverly,Female,1986-10-17,12:51 AM,80838,8.115,0.0,Engineering
Jeffrey,Male,1984-02-03,1:26 PM,70990,15.901,1.0,Sales
Gloria,Female,1987-10-24,4:43 AM,39833,9.631,0.0,Engineering
Albert,Male,1992-09-19,2:35 AM,45094,5.85,1.0,Business Development
Stephen,Male,1989-10-29,11:34 PM,93997,18.093,1.0,Business Development
Antonio,Female,1989-06-18,9:37 PM,103050,3.05,0.0,Legal
Jonathan,Male,2013-08-21,12:45 AM,121797,16.923,0.0,Product
Ann,Female,1994-09-23,11:15 AM,89443,17.94,1.0,Sales
Bruce,Male,1980-05-07,8:00 PM,35802,12.391,1.0,Sales
Catherine,Female,1989-09-25,1:31 AM,68164,18.393,0.0,Client Services
Louis,Male,2011-08-16,5:19 PM,93022,9.146,1.0,Human Resources
Thomas,Male,2016-03-12,3:10 PM,105681,19.572,0.0,Engineering
Louise,Female,1995-03-27,10:27 PM,43050,11.671,0.0,Distribution
Linda,Female,2010-02-04,8:49 PM,44486,17.308,1.0,Engineering
Alice,Female,1988-09-03,8:54 PM,63571,15.397,1.0,Product
Patrick,Male,2002-12-30,2:01 AM,75423,5.368,1.0,Business Development
Victor,Female,2006-07-28,2:49 PM,76381,11.159,1.0,Sales
Russell,Male,2013-05-10,11:08 PM,137359,11.105,0.0,Business Development
Harry,Male,2011-08-30,6:31 PM,67656,16.455,1.0,Client Services
Susan,Female,1995-04-07,10:05 PM,92436,12.467,0.0,Sales
Denise,Female,1992-10-19,5:42 AM,137954,4.195,1.0,Legal
Sarah,Female,1995-12-04,9:16 AM,124566,5.949,0.0,Product
Sean,Male,1983-01-17,2:23 PM,66146,11.178,0.0,Human Resources
Ernest,Male,2013-07-20,6:41 AM,142935,13.198,1.0,Product
Kimberly,Female,2013-01-26,12:57 AM,46233,8.862,1.0,Engineering
James,Male,1993-01-15,5:19 PM,148985,19.28,0.0,Legal
Rose,Female,1982-04-06,10:43 AM,91411,8.639,1.0,Human Resources
John,Male,1982-12-23,10:35 PM,146907,11.738,0.0,Engineering
Maria,Female,2011-10-15,4:53 PM,43455,13.04,0.0,Engineering
Stephen,Female,1983-07-10,8:10 PM,85668,1.909,0.0,Legal
Donna,Female,1982-11-26,7:04 AM,82871,17.999,0.0,Marketing
Gloria,Female,2014-12-08,5:08 AM,136709,10.331,1.0,Finance
Alice,Female,2004-10-05,9:34 AM,47638,11.209,0.0,Human Resources
Justin,Female,1991-02-10,4:58 PM,38344,3.794,0.0,Legal
Robin,Female,1987-07-24,1:35 PM,100765,10.982,1.0,Client Services
Rose,Female,2002-08-25,5:12 AM,134505,11.051,1.0,Marketing
Anthony,Male,2011-10-16,8:35 AM,112769,11.625,1.0,Finance
Tina,Female,1997-05-15,3:53 PM,56450,19.04,1.0,Engineering
George,Male,2013-06-21,5:47 PM,98874,4.479,1.0,Marketing
Henry,Female,2014-11-23,6:09 AM,132483,16.655,0.0,Distribution
Phillip,Male,1984-01-31,6:30 AM,42392,19.675,0.0,Finance
Russell,Male,2013-05-20,12:39 PM,96914,1.421,0.0,Product
Larry,Male,2013-04-20,4:45 PM,60500,11.985,0.0,Business Development
Albert,Male,2012-05-15,6:24 PM,129949,10.169,1.0,Sales
